Brand,Model,Year,Engine_Size,Fuel_Type,Transmission,Mileage,Doors,Owner_Count,Price
BMW,3 Series,2005,1.2,Diesel,Manual,257760,5,5,2000
Volkswagen,Golf,2013,2.9,Hybrid,Automatic,111790,5,3,11164
Toyota,RAV4,2011,5.0,RedBull,Automatic,13473,5,4,14630
Mercedes,E-Class,2007,3.8,Diesel,Manual,133298,4,5,7334
Honda,Civic,2012,1.3,Petrol,Automatic,18611,3,5,10127
Mercedes,GLA,2007,2.0,Electric,Manual,150216,5,2,7195
BMW,5 Series,2009,1.8,Electric,Semi-Automatic,115364,2,1,8292
Kia,Optima,2009,1.3,Petrol,Semi-Automatic,93529,2,5,6229
Toyota,RAV4,2001,3.9,Electric,Manual,226177,5,5,5776
Honda,CR-V,2000,3.5,Hybrid,Semi-Automatic,181019,2,2,4979
Chevrolet,Impala,2013,2.7,Hybrid,Automatic,34649,4,2,12507
Mercedes,C-Class,2020,2.9,Petrol,Automatic,256611,5,2,9367
Honda,Civic,2018,4.3,Hybrid,Automatic,18535,4,5,15929
Audi,A3,2023,3.7,Diesel,Manual,282010,3,5,9059
Audi,Q5,2016,2.0,Petrol,Automatic,220765,4,1,7984
Volkswagen,Tiguan,2013,1.3,Petrol,Manual,228030,5,2,4739
Honda,Accord,2020,3.6,Hybrid,Semi-Automatic,51251,5,5,13674
Chevrolet,Malibu,2010,1.8,Electric,Automatic,26621,6,3,11867
Chevrolet,Impala,2002,4.7,Diesel,Manual,81018,4,1,7779
Mercedes,C-Class,2005,1.1,Hybrid,Automatic,255461,2,4,4090
Honda,CR-V,2023,3.2,Electric,Semi-Automatic,230001,5,2,11599
Kia,Rio,2003,3.6,Petrol,Semi-Automatic,115892,5,5,6282
Volkswagen,Tiguan,2004,2.0,Petrol,Automatic,29136,2,3,8217
Hyundai,Elantra,2014,1.9,Electric,Automatic,197113,5,3,9757
Volkswagen,Golf,2020,3.3,Electric,Automatic,95581,4,2,14988
Hyundai,Sonata,2002,2.6,Hybrid,Automatic,247733,3,2,4845
Mercedes,C-Class,2015,4.0,Hybrid,Manual,94668,2,2,11706
BMW,5 Series,2002,2.9,Diesel,Automatic,282768,2,3,3444
Volkswagen,Golf,2013,2.5,Petrol,Manual,216392,2,5,6172
Ford,Fiesta,2013,4.4,Electric,Semi-Automatic,77846,5,2,12843
Chevrolet,Malibu,2022,3.0,Diesel,Manual,5679,2,4,4418
Hyundai,Sonata,2005,1.6,Hybrid,Manual,169966,5,5,4800
Kia,Optima,2019,1.8,Petrol,Automatic,218904,5,3,8721
Chevrolet,Impala,2010,4.6,Petrol,Manual,59267,4,2,10514
Hyundai,Tucson,2015,3.2,Hybrid,Semi-Automatic,52021,4,1,11759
Ford,Focus,2017,4.8,Hybrid,Manual,94922,5,4,13101
Kia,Rio,2020,3.0,Electric,Automatic,217080,3,2,12258
Mercedes,GLA,2010,1.0,Hybrid,Manual,296156,5,1,3176
Toyota,Corolla,2011,3.6,Petrol,Automatic,174720,4,5,9005
Chevrolet,Equinox,2013,1.3,RedBull,Semi-Automatic,114292,2,2,7014
Honda,Civic,2018,1.5,Hybrid,Manual,181290,2,5,8374
Kia,Optima,2005,4.5,Petrol,Manual,18590,2,5,9728
Chevrolet,Impala,2011,3.0,Petrol,Automatic,287480,2,5,6150
Hyundai,Elantra,2003,3.6,Hybrid,Automatic,249838,4,3,6103
Hyundai,Elantra,2007,4.0,Diesel,Manual,259588,3,1,5008
Audi,A4,2004,1.0,Petrol,Manual,94415,2,1,4411
Mercedes,E-Class,2004,4.3,Hybrid,Semi-Automatic,1468,4,1,10570
Toyota,Corolla,2022,3.0,Petrol,Manual,34107,6,3,13017
Mercedes,GLA,2006,1.6,Hybrid,Automatic,185420,5,3,6291
BMW,5 Series,2020,2.3,Diesel,Semi-Automatic,33738,5,1,11725
BMW,X5,2019,3.9,Electric,Manual,56649,2,3,14567
Mercedes,C-Class,2017,2.2,Petrol,Manual,60725,4,1,10185
Ford,Explorer,2005,4.1,Hybrid,Manual,85536,5,1,8989
Hyundai,Elantra,2003,4.2,Hybrid,Semi-Automatic,141075,3,4,7378
Chevrolet,Impala,2015,1.3,Diesel,Automatic,282191,2,4,5756
Mercedes,E-Class,2017,2.5,Petrol,Manual,170525,5,3,8289
Audi,A3,2013,4.6,Hybrid,Semi-Automatic,264204,3,2,8315
Kia,Optima,2009,1.7,Hybrid,Manual,181774,3,3,5864
BMW,X5,2011,1.1,Electric,Manual,29405,3,5,9911
Kia,Rio,2004,4.1,Diesel,Automatic,273351,2,2,5432
Honda,Civic,2002,2.8,Electric,Semi-Automatic,200704,4,2,5485
Audi,Q5,2016,1.3,Diesel,Automatic,141074,3,1,8878
Mercedes,E-Class,2002,4.3,Hybrid,Semi-Automatic,23722,5,5,9525
Honda,Accord,2003,3.8,Electric,Semi-Automatic,236022,3,2,6079
Hyundai,Sonata,2007,4.5,Electric,Semi-Automatic,77159,4,1,11156
Ford,Fiesta,2001,4.1,Petrol,Automatic,113204,3,3,7735
Toyota,Camry,2014,4.6,Diesel,Manual,53192,3,4,11836
Ford,Explorer,2008,1.6,Hybrid,Semi-Automatic,209359,4,5,4912
Mercedes,C-Class,2018,1.1,RedBull,Automatic,117375,5,1,10752
Volkswagen,Golf,2008,3.1,Diesel,Manual,108467,5,1,7430
Audi,Q5,2000,2.2,Hybrid,Semi-Automatic,239896,2,3,2502
BMW,5 Series,2000,4.8,Electric,Semi-Automatic,269373,4,1,5512
BMW,5 Series,2019,2.8,Electric,Manual,8447,5,3,14431
Ford,Focus,2000,4.0,Electric,Semi-Automatic,210630,6,3,5887
Toyota,Corolla,2008,3.1,Hybrid,Automatic,34423,3,3,11411
Honda,CR-V,2009,3.7,Diesel,Semi-Automatic,214263,3,4,6214
Toyota,RAV4,2006,1.2,Electric,Semi-Automatic,169281,5,2,5714
Chevrolet,Equinox,2018,3.7,Hybrid,Manual,68251,5,3,12834
Toyota,Camry,2014,1.4,Diesel,Semi-Automatic,295680,5,3,3786
Hyundai,Tucson,2006,3.3,Petrol,Manual,24121,5,2,8717
Hyundai,Sonata,2005,1.7,Electric,Manual,272765,3,2,3844
Hyundai,Tucson,2013,3.9,Electric,Semi-Automatic,296964,3,3,7960
Audi,Q5,2002,2.0,Petrol,Automatic,270098,3,3,2798
Honda,Accord,2019,4.6,Electric,Automatic,293449,3,5,12031
Chevrolet,Malibu,2013,1.3,Petrol,Automatic,116174,4,2,8476
Honda,Accord,2018,4.0,Hybrid,Semi-Automatic,184080,3,4,10818
Kia,Rio,2011,1.4,Electric,Semi-Automatic,180812,5,5,7183
Kia,Optima,2017,1.0,Electric,Manual,217816,4,5,7843
Volkswagen,Passat,2017,4.7,Petrol,Semi-Automatic,56768,2,5,12764
Chevrolet,Impala,2023,1.4,Electric,Semi-Automatic,128077,3,1,11838
Toyota,Corolla,2002,1.5,Electric,Automatic,82043,5,1,8059
Audi,A3,2008,3.3,Petrol,Automatic,159950,5,3,8101
Chevrolet,Equinox,2004,4.3,Electric,Semi-Automatic,15324,3,3,11293
Chevrolet,Impala,2012,2.8,Diesel,Manual,226494,5,2,5970
Honda,Accord,2011,4.2,Electric,Semi-Automatic,291049,4,2,7779
Hyundai,Elantra,2010,2.2,Hybrid,Manual,146178,2,2,7376
Kia,Rio,2013,3.7,Electric,Semi-Automatic,214832,6,4,9403
Honda,Civic,2005,2.7,Electric,Manual,12785,3,5,10044
Honda,Civic,2018,1.6,Petrol,Manual,272408,6,5,5651
Mercedes,C-Class,2018,3.1,Diesel,Semi-Automatic,238454,4,5,7830
Hyundai,Sonata,2011,2.3,Electric,Automatic,132009,5,3,10559
BMW,5 Series,2022,1.2,Hybrid,Manual,146192,5,5,9976
Toyota,Camry,2004,2.6,Hybrid,Manual,272288,4,3,3454
Hyundai,Sonata,2016,3.4,Petrol,Automatic,171956,3,3,10360
Hyundai,Sonata,2012,3.0,Hybrid,Automatic,112456,4,3,10950
Honda,Civic,2023,2.7,Hybrid,Manual,214496,3,2,10410
Kia,Rio,2005,4.5,Petrol,Semi-Automatic,251675,6,4,5066
Honda,Accord,2016,3.4,Diesel,Automatic,230777,4,5,9184
Audi,Q5,2002,3.7,Petrol,Automatic,63496,4,3,8630
Honda,Accord,2000,3.6,Electric,Manual,207815,4,2,5543
Ford,Focus,2011,4.0,Electric,Semi-Automatic,34117,4,1,12717
Audi,A4,2001,4.4,RedBull,Semi-Automatic,280845,5,1,5183
BMW,3 Series,2004,4.3,Hybrid,Semi-Automatic,127011,2,1,8059
Audi,Q5,2003,4.0,Petrol,Automatic,288560,6,2,4728
BMW,X5,2016,4.0,Hybrid,Automatic,106356,5,2,13272
Mercedes,E-Class,2021,1.7,Petrol,Semi-Automatic,3110,4,5,12037
Audi,A3,2004,3.4,Electric,Semi-Automatic,40723,5,1,9885
Audi,A4,2011,3.5,Electric,Manual,155375,2,4,9792
Ford,Explorer,2002,3.2,Petrol,Semi-Automatic,202171,4,4,3856
Mercedes,C-Class,2021,4.5,Petrol,Semi-Automatic,145598,2,4,11988
Honda,Accord,2006,3.0,Electric,Manual,145460,2,3,7990
BMW,3 Series,2005,2.4,Diesel,Automatic,208352,3,5,5332
BMW,3 Series,2007,1.2,Electric,Semi-Automatic,76098,5,3,7878
Ford,Focus,2006,3.9,Hybrid,Semi-Automatic,38664,6,1,10026
Toyota,Camry,2018,2.1,Hybrid,Automatic,145579,3,2,11188
Mercedes,C-Class,2009,4.4,Hybrid,Manual,71046,5,5,10779
Ford,Focus,2018,3.2,Hybrid,Semi-Automatic,280596,3,1,8088
Ford,Explorer,2012,4.7,Hybrid,Automatic,243207,2,3,10035
BMW,3 Series,2007,3.1,Hybrid,Automatic,237559,2,4,7048
Ford,Explorer,2015,3.6,Petrol,Automatic,253554,3,4,8628
Hyundai,Tucson,2008,2.5,Hybrid,Manual,51676,3,2,8966
BMW,3 Series,2000,5.0,Petrol,Semi-Automatic,199363,5,1,5112
Toyota,RAV4,2016,1.5,Electric,Semi-Automatic,34256,4,3,11714
Mercedes,E-Class,2021,2.1,Electric,Automatic,256895,3,3,10862
Kia,Rio,2002,4.5,Diesel,Manual,181732,3,1,5565
Chevrolet,Malibu,2002,3.7,Hybrid,Semi-Automatic,172677,4,5,5946
BMW,5 Series,2009,3.0,Electric,Manual,17260,5,5,11454
Toyota,Camry,2013,2.1,Diesel,Automatic,202382,4,3,7552
Kia,Optima,2016,1.3,Electric,Manual,3066,5,4,12138
Chevrolet,Equinox,2007,2.5,Diesel,Automatic,297626,3,4,4247
BMW,X5,2002,4.5,Diesel,Manual,86763,2,5,7464
Audi,A4,2015,2.7,Hybrid,Semi-Automatic,179849,2,1,8703
Kia,Sportage,2011,3.2,Electric,Semi-Automatic,42564,3,2,11748
Mercedes,GLA,2013,3.3,Electric,Semi-Automatic,80184,3,5,11696
BMW,X5,2008,2.0,Diesel,Automatic,166381,4,4,6672
BMW,X5,2023,2.0,Hybrid,Manual,131263,4,4,11374
Mercedes,E-Class,2006,2.8,Petrol,Manual,198463,3,4,4730
Mercedes,C-Class,2006,2.0,Electric,Automatic,44802,5,2,10503
Chevrolet,Malibu,2022,3.1,Electric,Manual,65766,4,2,14484
Kia,Rio,2022,4.1,Diesel,Manual,141625,4,5,11967
Kia,Sportage,2020,3.6,Hybrid,Semi-Automatic,159695,5,1,11506
Honda,CR-V,2017,2.9,Electric,Manual,25616,2,5,13587
Chevrolet,Malibu,2004,3.4,Diesel,Semi-Automatic,111929,3,5,6461
Toyota,RAV4,2019,3.2,Diesel,Manual,122669,5,2,10546
Ford,Explorer,2002,4.0,Diesel,Semi-Automatic,173939,3,5,5221
Mercedes,GLA,2002,4.0,Diesel,Semi-Automatic,285106,4,1,2997
Mercedes,C-Class,2017,4.1,Petrol,Automatic,161441,3,3,11571
Volkswagen,Passat,2008,3.5,Electric,Manual,88381,3,1,10232
Toyota,Corolla,2018,1.9,Diesel,Manual,6014,3,1,11279
Volkswagen,Golf,2007,1.2,Petrol,Semi-Automatic,186908,5,5,3661
Chevrolet,Equinox,2013,1.9,Hybrid,Automatic,121816,4,4,9963
Honda,Accord,2020,3.4,Hybrid,Manual,173818,3,1,11023
Volkswagen,Golf,2015,2.2,Diesel,Automatic,48927,5,3,11321
Volkswagen,Golf,2010,2.9,Electric,Manual,249910,5,3,7001
Mercedes,E-Class,2009,4.4,Electric,Automatic,251891,4,2,9662
Hyundai,Elantra,2012,2.6,Hybrid,Manual,11213,5,5,11075
Audi,A3,2012,4.0,Petrol,Automatic,63636,5,3,11927
Toyota,Camry,2021,3.3,Petrol,Automatic,172897,3,3,11742
Kia,Sportage,2006,4.5,Hybrid,Manual,246638,4,2,6467
Volkswagen,Tiguan,2002,4.3,Petrol,Automatic,92949,3,2,8641
Toyota,Corolla,2014,4.7,Electric,Semi-Automatic,74835,3,5,13503
Mercedes,C-Class,2013,3.1,Electric,Semi-Automatic,195767,3,5,9184
Mercedes,C-Class,2013,1.3,Diesel,Automatic,190583,5,2,6988
Volkswagen,Golf,2003,1.7,Electric,Semi-Automatic,268797,4,3,3324
Kia,Rio,2022,1.6,Diesel,Automatic,295898,3,1,7882
Honda,Civic,2020,4.4,Petrol,Semi-Automatic,24913,3,3,14001
Audi,Q5,2021,2.0,Diesel,Automatic,175090,2,3,10398
Ford,Fiesta,2006,4.3,Electric,Semi-Automatic,3768,2,4,12124
Mercedes,E-Class,2014,3.8,Diesel,Automatic,163258,3,2,10334
Kia,Sportage,2015,3.9,Electric,Manual,27837,3,1,13943
Mercedes,C-Class,2000,1.1,Petrol,Semi-Automatic,117793,4,3,2844
Volkswagen,Passat,2010,1.6,Hybrid,Automatic,255550,5,4,6089
Toyota,RAV4,2009,2.8,Hybrid,Semi-Automatic,205898,5,1,6482
Audi,Q5,2018,2.6,Electric,Automatic,175018,2,5,12099
Kia,Sportage,2019,3.8,Diesel,Manual,93843,3,2,11723
BMW,5 Series,2016,3.3,Electric,Manual,239076,5,2,9418
Mercedes,GLA,2020,1.7,Diesel,Automatic,119413,3,3,10911
Mercedes,GLA,2020,1.7,Hybrid,Manual,171747,4,4,9365
Volkswagen,Passat,2018,1.6,Petrol,Automatic,131223,4,1,9975
Chevrolet,Impala,2016,1.2,Hybrid,Manual,80455,4,4,9490
BMW,5 Series,2014,3.8,Electric,Semi-Automatic,184849,3,3,10403
Toyota,Corolla,2015,3.4,Hybrid,Automatic,292522,3,1,8649
Kia,Rio,2011,3.6,Hybrid,Automatic,115465,3,4,11190
BMW,X5,2006,1.8,Diesel,Semi-Automatic,48144,4,5,6737
Mercedes,C-Class,2000,2.5,Hybrid,Semi-Automatic,230751,3,1,2984
Toyota,RAV4,2005,3.6,Petrol,Manual,78941,3,4,7621
Chevrolet,Malibu,2002,2.1,Electric,Automatic,85445,4,1,8591
Ford,Fiesta,2021,4.0,Hybrid,Automatic,133334,5,1,14233
Honda,Accord,2023,4.5,Diesel,Automatic,65889,4,5,15682
Kia,Rio,2006,3.6,Petrol,Automatic,15862,2,4,10682
Hyundai,Elantra,2007,4.6,Hybrid,Semi-Automatic,194421,5,2,7911
Toyota,RAV4,2022,3.3,Hybrid,Automatic,111574,5,1,14268
Mercedes,C-Class,2022,3.1,Petrol,Automatic,282199,2,2,9656
Volkswagen,Passat,2001,3.5,Petrol,Automatic,88334,4,4,7633
Kia,Rio,2009,1.1,Hybrid,Manual,175924,4,4,5381
Hyundai,Sonata,2009,4.1,Diesel,Manual,67077,2,5,9558
Mercedes,GLA,2021,4.1,Electric,Manual,217505,3,4,12149
Ford,Fiesta,2012,3.4,Electric,Automatic,66901,3,3,13261
BMW,3 Series,2011,2.6,RedBull,Automatic,124601,3,2,9007
Mercedes,E-Class,2010,3.3,Diesel,Automatic,297971,2,3,5940
Ford,Explorer,2023,4.6,Electric,Semi-Automatic,26070,2,4,17078
Ford,Fiesta,2016,3.9,Hybrid,Automatic,187800,5,4,11544
BMW,X5,2017,1.4,Electric,Semi-Automatic,221651,4,4,8166
Honda,Accord,2011,4.8,Petrol,Semi-Automatic,167930,5,5,8841
Ford,Focus,2015,2.2,Electric,Manual,73374,6,4,11332
Ford,Focus,2007,1.3,Diesel,Automatic,32383,4,5,8352
Ford,Explorer,2005,3.1,Petrol,Manual,238543,2,2,3929
Ford,Explorer,2006,4.4,Diesel,Automatic,90111,2,1,9997
Hyundai,Elantra,2014,2.8,Electric,Manual,190385,2,3,9292
Mercedes,GLA,2001,2.6,Hybrid,Automatic,123342,5,2,7033
Ford,Fiesta,2006,2.0,Hybrid,Semi-Automatic,280447,3,1,3291
Audi,Q5,2008,3.6,Electric,Semi-Automatic,239176,2,4,7316
Chevrolet,Impala,2001,1.1,Hybrid,Manual,255167,5,4,2000
Audi,Q5,2021,4.5,Electric,Semi-Automatic,149922,4,4,13901
Audi,Q5,2018,5.0,RedBull,Automatic,1887,3,3,15962
Ford,Focus,2007,1.8,Diesel,Manual,240623,2,1,3187
Ford,Explorer,2000,4.5,Petrol,Manual,134919,5,5,5901
Toyota,Camry,2001,1.2,Diesel,Manual,91075,3,1,3778
Honda,Civic,2018,3.4,Petrol,Manual,114354,2,1,10612
BMW,5 Series,2020,1.6,Hybrid,Automatic,35830,3,2,13483
Ford,Focus,2009,2.3,Hybrid,Semi-Automatic,106773,3,1,7964
Volkswagen,Tiguan,2009,1.5,Electric,Semi-Automatic,204370,4,4,6212
Mercedes,C-Class,2000,1.9,Petrol,Automatic,176656,3,4,3966
Ford,Focus,2001,2.4,Electric,Semi-Automatic,129157,2,1,6216
Kia,Rio,2013,4.2,Diesel,Manual,61692,5,5,10966
Volkswagen,Passat,2010,2.7,Hybrid,Semi-Automatic,277522,3,5,5249
Mercedes,C-Class,2003,4.4,Hybrid,Manual,106352,2,5,8272
Toyota,Camry,2017,1.4,Diesel,Manual,14575,3,2,10308
Chevrolet,Impala,2003,3.8,Hybrid,Automatic,81167,3,3,9676
Kia,Optima,2006,4.3,Hybrid,Manual,102842,4,3,9143
Ford,Explorer,2008,2.4,Petrol,Semi-Automatic,36305,4,2,8173
Mercedes,C-Class,2007,3.6,Petrol,Automatic,262571,4,3,6048
Ford,Fiesta,2007,4.5,Electric,Manual,53088,3,2,11638
Toyota,Camry,2014,1.3,Diesel,Semi-Automatic,256054,2,4,4478
BMW,3 Series,2016,2.2,Petrol,Semi-Automatic,123732,3,2,8625
Kia,Sportage,2023,4.8,Petrol,Semi-Automatic,114120,4,5,13517
BMW,X5,2002,5.0,Electric,Manual,8006,5,1,11539
Hyundai,Tucson,2001,3.2,Petrol,Manual,214674,4,2,3306
Hyundai,Sonata,2004,2.9,Hybrid,Semi-Automatic,250475,3,1,4190
Volkswagen,Golf,2014,1.9,Hybrid,Manual,8606,2,4,11027
Toyota,Corolla,2019,2.7,Diesel,Manual,233642,2,2,7827
Mercedes,E-Class,2011,1.8,Diesel,Semi-Automatic,261247,3,4,3975
Honda,Civic,2000,4.0,Petrol,Semi-Automatic,281448,5,5,2471
Ford,Focus,2023,1.9,RedBull,Manual,183270,3,4,9234
Toyota,RAV4,2012,3.3,Petrol,Semi-Automatic,158791,2,1,7824
Volkswagen,Tiguan,2021,3.4,Electric,Automatic,253435,5,2,12231
Honda,CR-V,2016,3.5,Petrol,Automatic,56643,4,1,12767
Ford,Fiesta,2022,4.3,Petrol,Semi-Automatic,236467,2,4,10270
Audi,Q5,2014,2.1,Electric,Manual,116789,3,2,10064
Kia,Rio,2001,4.3,Diesel,Automatic,37724,2,5,9445
Volkswagen,Passat,2016,4.6,Diesel,Semi-Automatic,48115,3,1,12537
Volkswagen,Tiguan,2014,2.0,Petrol,Manual,2862,5,1,10242
BMW,5 Series,2011,4.2,Electric,Manual,137686,2,5,10846
Mercedes,GLA,2012,4.9,Hybrid,Manual,78173,3,3,12036
BMW,3 Series,2016,2.8,Electric,Semi-Automatic,253986,4,4,8620
Mercedes,E-Class,2014,4.0,Hybrid,Semi-Automatic,222972,4,3,8840
Ford,Explorer,2021,1.8,Diesel,Manual,189834,4,5,8403
Chevrolet,Malibu,2010,3.8,Diesel,Manual,146879,2,2,7962
Mercedes,E-Class,2017,1.5,Hybrid,Manual,282064,4,3,6058
Honda,CR-V,2015,4.5,Electric,Automatic,174315,4,4,13113
Kia,Sportage,2013,2.4,Hybrid,Manual,181915,3,2,7761
Chevrolet,Malibu,2006,3.1,Hybrid,Manual,185491,2,4,6290
Audi,Q5,2000,4.2,Hybrid,Manual,27565,4,4,8748
Chevrolet,Malibu,2020,2.3,Diesel,Manual,216925,4,2,8061
BMW,X5,2013,2.6,Electric,Semi-Automatic,147066,2,2,9658
Chevrolet,Malibu,2013,2.7,Diesel,Manual,41577,3,5,9868
Toyota,Camry,2000,3.9,Electric,Semi-Automatic,118183,5,2,7636
Chevrolet,Impala,2020,4.9,Hybrid,Automatic,268777,2,5,12124
Kia,Sportage,2011,1.9,Hybrid,Automatic,252456,5,1,6750
Toyota,Corolla,2023,2.6,Hybrid,Manual,224245,4,4,10115
Ford,Explorer,2014,1.6,Diesel,Semi-Automatic,191195,2,2,6076
Kia,Sportage,2001,2.9,Diesel,Manual,258813,4,5,2123
Kia,Sportage,2005,1.6,Petrol,Automatic,175506,5,5,5189
Kia,Rio,2023,4.2,Hybrid,Automatic,3490,5,2,17630
Volkswagen,Passat,2007,4.5,Electric,Manual,2086,2,2,12658
BMW,X5,2014,2.2,Electric,Semi-Automatic,189664,2,4,8706
Mercedes,C-Class,2021,2.4,Electric,Manual,257224,2,5,9655
Hyundai,Elantra,2017,1.9,Diesel,Automatic,102677,4,2,10546
Chevrolet,Equinox,2013,2.7,Hybrid,Semi-Automatic,53830,5,5,10623
BMW,X5,2019,1.7,Diesel,Automatic,189988,4,1,9200
Chevrolet,Equinox,2020,4.2,Diesel,Automatic,149891,5,4,12802
Audi,Q5,2004,4.5,Diesel,Manual,271531,2,4,4369
Volkswagen,Passat,2017,1.6,Petrol,Semi-Automatic,175432,5,3,7291
Volkswagen,Passat,2007,3.4,Electric,Automatic,37822,3,3,12343
Kia,Optima,2014,3.2,Electric,Semi-Automatic,170640,3,5,10087
Audi,Q5,2008,1.7,Electric,Manual,37489,3,2,9450
Audi,A4,2023,4.2,Electric,Automatic,210669,5,2,14486
BMW,X5,2002,4.6,Diesel,Semi-Automatic,134954,5,2,6600
Toyota,RAV4,2018,3.1,Hybrid,Manual,151772,3,2,10564
Volkswagen,Passat,2019,3.1,Electric,Manual,102958,3,5,12840
BMW,5 Series,2010,2.5,Diesel,Semi-Automatic,180671,5,5,5986
Kia,Optima,2011,3.0,Diesel,Manual,30805,5,3,9783
Mercedes,GLA,2016,3.1,Electric,Manual,271066,3,4,8578
Kia,Sportage,2021,2.5,Petrol,Automatic,209544,3,5,10209
Chevrolet,Equinox,2019,3.9,Hybrid,Semi-Automatic,13333,5,1,14433
Ford,Focus,2009,5.0,Diesel,Manual,51399,3,3,10772
Volkswagen,Tiguan,2015,3.7,Diesel,Semi-Automatic,231703,4,1,7665
Toyota,Corolla,2010,2.4,Electric,Automatic,16660,2,2,12666
Kia,Sportage,2022,1.2,Electric,Manual,204252,3,5,9814
Chevrolet,Equinox,2014,4.1,Petrol,Manual,136674,5,4,9666
Hyundai,Sonata,2020,4.7,Hybrid,Automatic,70553,2,2,15888
Kia,Sportage,2020,1.6,Electric,Automatic,81288,5,4,13574
BMW,5 Series,2019,3.0,Electric,Manual,293175,4,1,8936
Toyota,Camry,2005,3.4,Hybrid,Automatic,118614,2,4,9127
Audi,Q5,2010,3.8,Diesel,Automatic,19071,3,1,12018
BMW,X5,2011,1.1,Electric,Semi-Automatic,144362,2,2,7612
Kia,Sportage,2010,3.6,Diesel,Automatic,165807,4,3,8883
Honda,Accord,2022,1.0,Hybrid,Semi-Automatic,135672,3,1,9986
Toyota,RAV4,2020,1.9,Hybrid,Manual,2941,5,5,12941
Honda,CR-V,2006,4.2,Hybrid,Semi-Automatic,90587,5,5,9288
Mercedes,E-Class,2001,2.7,Petrol,Manual,35507,2,4,6389
Chevrolet,Impala,2023,3.1,Electric,Automatic,296122,2,4,11677
Audi,A3,2000,1.7,RedBull,Semi-Automatic,259907,6,1,2601
Toyota,Camry,2012,2.2,Diesel,Semi-Automatic,26162,3,5,9376
BMW,3 Series,2023,3.9,Petrol,Manual,185188,3,2,11196
Kia,Rio,2018,1.6,Diesel,Manual,4122,5,3,11017
Hyundai,Tucson,2003,3.9,Electric,Automatic,139022,5,5,9619
Hyundai,Elantra,2006,1.6,Diesel,Manual,187881,2,1,3742
Ford,Explorer,2012,2.3,Hybrid,Semi-Automatic,137281,2,1,8254
Chevrolet,Malibu,2008,1.5,Hybrid,Automatic,81677,4,3,8866
Honda,Accord,2005,1.7,Diesel,Automatic,237985,5,1,4040
Volkswagen,Passat,2014,1.8,Petrol,Automatic,220551,3,4,7188
Toyota,RAV4,2014,4.1,Petrol,Manual,133938,3,3,9721
Mercedes,E-Class,2014,3.8,Diesel,Manual,171872,2,1,8662
Chevrolet,Impala,2004,3.6,Hybrid,Semi-Automatic,82916,4,3,8241
Honda,Civic,2012,1.1,Petrol,Semi-Automatic,89483,3,3,7010
Honda,Civic,2014,2.0,Diesel,Manual,118113,3,3,7937
Hyundai,Tucson,2004,2.4,Electric,Automatic,226999,2,3,6660
Chevrolet,Equinox,2002,3.7,Hybrid,Manual,261395,5,4,4172
Toyota,Camry,2020,4.6,RedBull,Automatic,184309,2,4,12513
Chevrolet,Malibu,2007,2.5,RedBull,Automatic,294846,4,5,4303
Toyota,Camry,2005,2.5,Hybrid,Manual,222867,3,4,4642
Mercedes,GLA,2002,3.8,Petrol,Automatic,63557,2,5,8728
Toyota,RAV4,2017,2.3,Electric,Automatic,213214,2,3,10735
Honda,Civic,2003,4.1,Electric,Manual,16736,2,3,10765
Mercedes,C-Class,2012,2.6,Electric,Automatic,67976,4,5,12440
Ford,Focus,2023,2.2,Electric,Semi-Automatic,271751,2,2,9764
Mercedes,E-Class,2012,4.6,Petrol,Semi-Automatic,204744,3,2,8205
Hyundai,Sonata,2000,4.0,Electric,Semi-Automatic,29856,3,4,9502
BMW,5 Series,2005,2.6,Electric,Manual,130929,3,4,7581
Ford,Explorer,2003,4.6,Hybrid,Semi-Automatic,284897,5,2,4902
Hyundai,Sonata,2010,4.0,Petrol,Manual,270726,3,3,5685
Kia,Rio,2004,3.6,Petrol,Semi-Automatic,168226,4,4,5535
Audi,A3,2007,3.4,Petrol,Semi-Automatic,3514,4,1,9529
Volkswagen,Passat,2021,4.1,Diesel,Semi-Automatic,227784,4,3,9944
Audi,A3,2021,2.0,Electric,Manual,193207,4,2,10535
Chevrolet,Impala,2017,3.1,Diesel,Semi-Automatic,224837,2,4,7803
Chevrolet,Equinox,2022,4.4,Hybrid,Automatic,288171,2,1,11836
BMW,3 Series,2021,2.3,Diesel,Semi-Automatic,228466,4,1,8130
Honda,Accord,2002,3.1,Petrol,Automatic,272668,4,5,3846
BMW,X5,2001,2.5,Hybrid,Semi-Automatic,164351,5,3,4612
Chevrolet,Equinox,2012,4.5,Diesel,Manual,32125,4,4,11557
Audi,A4,2019,4.5,Petrol,Automatic,244818,3,5,10903
Ford,Focus,2006,2.4,Electric,Manual,108237,2,5,8135
BMW,X5,2010,1.9,Electric,Manual,166667,4,4,7666
Ford,Focus,2022,4.5,Petrol,Semi-Automatic,231391,6,5,10572
Hyundai,Tucson,2003,3.0,Hybrid,Manual,132638,3,3,6347
Ford,Focus,2021,1.1,Petrol,Manual,6376,2,3,11372
Ford,Explorer,2010,4.5,Petrol,Semi-Automatic,50328,3,1,10593
Ford,Fiesta,2018,3.7,Petrol,Semi-Automatic,177936,5,5,9641
Kia,Optima,2014,2.9,Electric,Automatic,19288,3,2,14314
Kia,Rio,2008,2.1,Diesel,Semi-Automatic,126259,2,5,6074
Chevrolet,Malibu,2023,2.0,Hybrid,Manual,160084,2,4,10798
Honda,CR-V,2012,4.8,Diesel,Manual,212662,2,5,8246
Mercedes,GLA,2002,2.2,Diesel,Automatic,5020,4,5,8299
Honda,Civic,2017,4.3,Petrol,Automatic,140185,4,3,12196
Ford,Explorer,2004,3.6,Electric,Semi-Automatic,223994,2,2,6420
Toyota,Corolla,2011,2.3,Hybrid,Automatic,282746,3,1,6545
Toyota,Corolla,2020,3.3,Diesel,Semi-Automatic,107566,3,5,11248
Audi,A3,2018,4.1,Diesel,Manual,194680,4,1,9706
Ford,Focus,2008,1.5,Petrol,Automatic,14038,3,4,9219
BMW,5 Series,2018,3.4,Hybrid,Semi-Automatic,22501,4,3,13449
Chevrolet,Impala,2015,2.1,Electric,Automatic,247108,6,1,9257
Chevrolet,Malibu,2012,1.4,Diesel,Automatic,192630,4,2,6747
Volkswagen,Passat,2023,3.0,Diesel,Automatic,264912,5,1,10201
Chevrolet,Equinox,2020,4.7,Petrol,Automatic,181647,3,3,12667
Mercedes,GLA,2009,2.7,Hybrid,Semi-Automatic,14292,5,1,10214
Kia,Rio,2012,2.0,Petrol,Manual,74505,3,2,8209
Toyota,RAV4,2015,3.4,Hybrid,Automatic,35371,4,4,13792
Ford,Explorer,2010,3.3,Diesel,Manual,11674,4,3,10166
Honda,Accord,2021,2.1,Diesel,Semi-Automatic,128431,3,1,9931
Mercedes,C-Class,2020,3.0,Electric,Manual,280056,4,5,9498
Audi,Q5,2000,4.1,Electric,Automatic,77141,2,5,10157
Mercedes,GLA,2022,2.9,Petrol,Semi-Automatic,37227,3,2,12855
Volkswagen,Passat,2011,2.2,Hybrid,Automatic,28192,3,5,11536
BMW,5 Series,2005,4.7,Petrol,Semi-Automatic,20173,3,3,9896
Chevrolet,Equinox,2000,5.0,Hybrid,Semi-Automatic,184009,3,4,6419
Volkswagen,Golf,2010,3.1,Petrol,Semi-Automatic,230782,5,1,5584
Ford,Fiesta,2016,2.4,Electric,Manual,242797,2,3,8444
Volkswagen,Golf,2003,2.4,Petrol,Automatic,145921,5,2,5981
Ford,Explorer,2019,2.9,Hybrid,Semi-Automatic,246123,2,1,8777
Volkswagen,Golf,2023,3.9,Diesel,Semi-Automatic,7087,4,4,4418
Audi,A3,2020,3.0,Hybrid,Manual,295890,5,3,8182
Volkswagen,Tiguan,2021,4.1,Petrol,Semi-Automatic,229919,2,3,9901
Audi,A3,2023,2.8,Diesel,Manual,211895,5,3,9562
Honda,Civic,2020,4.8,Hybrid,Manual,108790,5,5,13724
Volkswagen,Passat,2017,3.7,Electric,Manual,86463,2,3,13170
Kia,Optima,2016,2.5,Electric,Semi-Automatic,104371,5,5,11312
Ford,Explorer,2009,2.1,Hybrid,Manual,200018,2,3,5899
BMW,X5,2010,2.9,RedBull,Manual,63026,2,5,8739
BMW,3 Series,2004,3.2,Diesel,Semi-Automatic,232157,3,2,3856
Ford,Focus,2009,1.8,Petrol,Automatic,67606,2,1,8747
Honda,Civic,2013,1.4,Electric,Automatic,192393,4,2,9052
Honda,Accord,2023,1.3,Diesel,Automatic,72492,3,1,12350
Kia,Sportage,2004,3.3,Hybrid,Semi-Automatic,285789,5,2,3884
BMW,X5,2008,3.8,Electric,Semi-Automatic,164284,3,4,9014
Kia,Sportage,2021,2.1,Electric,Semi-Automatic,74107,5,4,13017
Mercedes,E-Class,2005,1.3,Hybrid,Semi-Automatic,278024,5,3,2339
BMW,5 Series,2001,3.8,Hybrid,Manual,188485,2,5,5430
Kia,Rio,2010,3.9,Diesel,Automatic,81626,5,2,10867
Ford,Focus,2009,1.1,RedBull,Semi-Automatic,275055,3,4,4398
Ford,Focus,2007,4.5,Hybrid,Semi-Automatic,904,3,4,11681
Chevrolet,Equinox,2016,2.2,Petrol,Semi-Automatic,265978,5,4,5780
Audi,A3,2022,1.5,Electric,Automatic,88996,5,5,13920
Honda,Accord,2021,4.4,Diesel,Automatic,292643,5,4,10447
Volkswagen,Passat,2010,2.3,Hybrid,Automatic,130547,4,3,9289
BMW,5 Series,2019,4.4,Diesel,Manual,205659,4,2,10086
Honda,CR-V,2004,1.3,Electric,Automatic,189304,5,1,6313
Ford,Explorer,2020,1.4,Diesel,Manual,18226,3,2,11135
BMW,5 Series,2019,2.1,Petrol,Automatic,135818,5,3,10683
Ford,Explorer,2001,1.6,Diesel,Automatic,89796,4,3,5704
Mercedes,E-Class,2001,1.0,Electric,Semi-Automatic,175506,4,5,3889
Honda,Civic,2014,1.1,Diesel,Automatic,106397,4,2,8772
Chevrolet,Impala,2010,4.3,Diesel,Semi-Automatic,205963,4,4,7280
Volkswagen,Tiguan,2001,4.9,Hybrid,Automatic,85649,5,3,10087
Hyundai,Sonata,2000,1.1,Electric,Automatic,126235,2,3,6175
Ford,Fiesta,2021,4.1,Hybrid,Semi-Automatic,268526,5,5,10129
Audi,Q5,2016,3.8,Hybrid,Manual,69756,3,4,12304
Volkswagen,Tiguan,2008,2.4,Hybrid,Automatic,260803,4,5,6183
Hyundai,Sonata,2000,1.3,Electric,Semi-Automatic,140723,5,2,4585
Audi,Q5,2003,3.5,Hybrid,Manual,9650,2,4,9307
Hyundai,Tucson,2010,3.3,Petrol,Semi-Automatic,61108,3,2,9177
Toyota,RAV4,2014,4.9,Hybrid,Automatic,45435,3,1,14791
Audi,A4,2010,3.8,Diesel,Automatic,271969,5,4,6960
Chevrolet,Malibu,2022,4.8,Hybrid,Semi-Automatic,117267,2,4,14154
Ford,Fiesta,2001,2.5,Diesel,Semi-Automatic,205117,5,3,2797
Ford,Fiesta,2016,3.3,Electric,Semi-Automatic,157592,5,5,11048
Toyota,Camry,2014,1.5,Petrol,Semi-Automatic,11197,3,1,9576
Hyundai,Elantra,2019,1.2,Petrol,Automatic,241090,2,4,7678
Mercedes,C-Class,2021,3.3,Petrol,Manual,4500,2,5,13610
Volkswagen,Golf,2003,4.2,Petrol,Automatic,92303,4,1,8853
Volkswagen,Passat,2001,1.2,RedBull,Manual,143549,2,1,4729
Toyota,Camry,2002,4.4,Petrol,Semi-Automatic,265879,3,5,3782
Audi,A3,2004,2.7,Diesel,Semi-Automatic,125256,2,1,5494
Chevrolet,Malibu,2001,4.5,Diesel,Automatic,13424,3,5,10131
Audi,A4,2010,2.0,Hybrid,Manual,228204,3,4,5535
Hyundai,Elantra,2008,1.3,Electric,Manual,56405,5,3,8671
Volkswagen,Golf,2021,2.9,Electric,Manual,39924,2,5,14501
BMW,5 Series,2016,4.5,Diesel,Manual,91092,2,1,11578
Mercedes,GLA,2007,2.3,Electric,Manual,76458,3,5,8970
Mercedes,E-Class,2003,3.5,Electric,Automatic,236960,2,3,7260
Audi,A3,2005,1.7,Petrol,Manual,146254,2,3,4374
BMW,3 Series,2020,3.1,Hybrid,Automatic,111568,3,3,13468
Audi,A3,2007,2.9,Petrol,Semi-Automatic,93930,5,4,7221
Hyundai,Elantra,2007,1.6,Electric,Semi-Automatic,68137,4,4,8437
Honda,CR-V,2002,2.1,Electric,Automatic,87629,5,1,8547
Volkswagen,Passat,2000,4.6,Electric,Semi-Automatic,191267,5,3,6874
BMW,3 Series,2003,4.7,Diesel,Manual,48097,3,1,8738
Chevrolet,Equinox,2002,4.3,Petrol,Semi-Automatic,154339,3,1,5913
BMW,5 Series,2012,1.7,Petrol,Automatic,163543,5,4,7629
BMW,5 Series,2009,8.0,Petrol,Manual,171748,5,2,6465
BMW,5 Series,2008,4.4,Hybrid,Semi-Automatic,236894,2,1,7162
Honda,CR-V,2003,2.3,Petrol,Manual,26129,5,2,6777
Mercedes,C-Class,2018,4.2,Diesel,Manual,30677,2,1,13086
Volkswagen,Tiguan,2008,1.9,Electric,Manual,92722,2,2,8545
Toyota,Corolla,2023,3.0,Electric,Manual,271528,5,1,10569
Volkswagen,Golf,2013,3.0,Hybrid,Semi-Automatic,198051,3,1,8038
Chevrolet,Equinox,2019,4.0,Electric,Automatic,12292,5,4,17054
Honda,CR-V,2016,4.3,Petrol,Semi-Automatic,299754,2,2,7204
Hyundai,Elantra,2017,1.5,Diesel,Manual,148701,5,3,7725
Mercedes,C-Class,2011,2.4,Petrol,Manual,60114,3,1,8597
Audi,Q5,2023,2.0,Electric,Manual,160971,2,1,11780
Chevrolet,Equinox,2008,3.5,Petrol,Manual,184428,2,1,6311
Mercedes,E-Class,2022,1.5,Diesel,Manual,167423,4,3,8851
Chevrolet,Impala,2022,2.5,Electric,Automatic,109284,4,5,14514
Ford,Focus,2006,4.4,Hybrid,Semi-Automatic,110110,4,4,9097
Honda,Civic,2016,3.6,Electric,Automatic,210863,2,3,11782
Chevrolet,Equinox,2017,1.8,Petrol,Semi-Automatic,96482,5,5,9070
Toyota,RAV4,2001,4.7,Diesel,Semi-Automatic,230052,2,3,4498
Chevrolet,Malibu,2014,4.4,Diesel,Manual,81794,2,1,11064
Honda,CR-V,2017,1.6,Electric,Semi-Automatic,125535,4,3,10289
Kia,Rio,2017,2.1,Diesel,Manual,277622,3,1,5747
Toyota,Corolla,2007,4.7,Diesel,Semi-Automatic,211715,2,4,6665
Hyundai,Sonata,2003,1.3,Petrol,Manual,20083,5,4,5898
BMW,3 Series,2014,3.1,Electric,Automatic,174169,2,2,11416
BMW,5 Series,2005,1.5,Petrol,Semi-Automatic,235838,3,3,2383
BMW,5 Series,2009,4.1,Diesel,Automatic,73326,2,5,10933
Toyota,Corolla,2017,2.5,Petrol,Automatic,3381,5,3,13132
Volkswagen,Passat,2002,4.3,Hybrid,Manual,1576,5,3,9968
Toyota,RAV4,2007,3.7,Petrol,Manual,189740,3,3,6105
BMW,3 Series,2008,4.8,Diesel,Semi-Automatic,107814,2,2,9143
Honda,Accord,2020,2.2,Petrol,Semi-Automatic,274038,3,1,6819
Audi,A4,2023,3.0,Petrol,Manual,222335,3,4,9553
Kia,Optima,2014,4.7,Petrol,Automatic,290554,2,2,8688
Hyundai,Sonata,2021,3.6,Diesel,Semi-Automatic,246760,3,5,9064
Audi,A4,2020,4.8,Electric,Manual,116761,2,3,14564
Volkswagen,Golf,2023,3.7,Petrol,Manual,85241,2,3,12995
Mercedes,GLA,2011,1.3,Petrol,Automatic,26406,2,3,9671
Audi,A3,2013,3.2,Electric,Manual,253611,2,4,8127
Honda,Civic,2015,3.7,Petrol,Manual,59678,3,2,11106
BMW,3 Series,2016,3.7,Diesel,Semi-Automatic,164408,6,3,9311
Honda,Accord,2003,4.9,Diesel,Semi-Automatic,60570,5,4,8688
Chevrolet,Equinox,2022,1.8,Electric,Semi-Automatic,68807,5,4,13123
Ford,Focus,2006,3.3,Petrol,Automatic,228327,5,1,6133
Volkswagen,Golf,2010,3.1,Diesel,Semi-Automatic,154466,4,3,7110
Hyundai,Elantra,2004,4.3,Diesel,Semi-Automatic,217759,3,1,5244
Mercedes,C-Class,2000,2.9,Hybrid,Automatic,15565,3,2,9188
Volkswagen,Passat,2010,4.8,Diesel,Automatic,47000,2,4,12460
Ford,Explorer,2016,1.5,Electric,Semi-Automatic,108905,3,3,10221
BMW,3 Series,2011,4.2,Electric,Automatic,179226,3,2,11515
Chevrolet,Equinox,2014,1.5,Petrol,Automatic,128629,3,1,8727
Chevrolet,Equinox,2022,3.0,Hybrid,Manual,163626,5,3,11427
Audi,A4,2022,1.4,Electric,Manual,84573,3,4,12408
Hyundai,Tucson,2002,1.2,Diesel,Manual,135449,3,5,3191
Hyundai,Elantra,2009,1.3,Hybrid,Automatic,133051,5,3,7938
Ford,Explorer,2009,1.9,Hybrid,Semi-Automatic,98000,4,1,7740
Ford,Explorer,2016,1.5,Diesel,Automatic,72633,2,4,10447
Honda,Civic,2014,2.9,Electric,Manual,235461,3,2,8490
Audi,A3,2019,2.9,Hybrid,Manual,13569,2,3,13428
Kia,Rio,2002,2.6,Hybrid,Semi-Automatic,219752,2,1,3904
Hyundai,Sonata,2008,2.0,Electric,Semi-Automatic,61418,2,1,9271
Ford,Focus,2022,1.7,Hybrid,Manual,13255,5,1,4418
Honda,CR-V,2020,4.3,Electric,Semi-Automatic,20484,3,2,15990
Ford,Explorer,2003,3.0,Hybrid,Manual,129742,2,3,6405
Honda,Accord,2014,3.6,Hybrid,Manual,69323,5,4,11513
Kia,Rio,2003,2.6,Hybrid,Automatic,51216,5,1,9075
Toyota,Camry,2001,3.3,Diesel,Automatic,188704,3,3,5425
Volkswagen,Tiguan,2020,2.3,Petrol,Automatic,134572,4,1,11208
Audi,A4,2018,3.3,Hybrid,Manual,171346,2,1,10373
Honda,CR-V,2005,1.2,Diesel,Semi-Automatic,106837,2,1,4663
Mercedes,C-Class,2014,5.0,Diesel,Semi-Automatic,151529,5,4,10269
BMW,3 Series,2016,2.8,Hybrid,Semi-Automatic,236994,2,4,7960
Hyundai,Tucson,2005,1.3,Electric,Semi-Automatic,178582,4,4,5328
Hyundai,Sonata,2008,4.3,Hybrid,Automatic,289750,5,3,7505
Honda,Civic,2001,2.2,Hybrid,Manual,45986,6,1,6680
Ford,Explorer,2006,3.8,Diesel,Automatic,112098,3,2,8958
Hyundai,Tucson,2005,3.1,Electric,Automatic,109563,4,2,10008
Audi,A4,2018,4.3,Hybrid,Semi-Automatic,122908,5,3,12341
Honda,Civic,2004,4.8,Hybrid,Manual,42624,2,2,10247
Mercedes,E-Class,2008,3.8,Electric,Manual,106591,4,3,10168
Honda,CR-V,2022,3.0,Petrol,Manual,165456,5,4,10390
Toyota,Camry,2020,1.9,Petrol,Manual,238459,4,4,7230
Chevrolet,Impala,2017,4.6,Diesel,Semi-Automatic,228920,3,1,9221
Volkswagen,Golf,2006,3.9,Diesel,Manual,145184,4,4,6896
Toyota,RAV4,2015,3.2,Hybrid,Semi-Automatic,6543,5,2,12669
Ford,Focus,2001,2.4,Electric,Automatic,21279,4,3,9874
BMW,X5,2011,2.6,Electric,Automatic,269345,2,5,8113
Hyundai,Elantra,2023,3.1,Electric,Automatic,55386,3,2,16492
Volkswagen,Tiguan,2014,1.2,Hybrid,Manual,32008,2,5,9859
Kia,Rio,2009,2.2,RedBull,Manual,97278,2,1,7054
BMW,3 Series,2010,2.0,Petrol,Manual,259291,4,2,3914
Honda,Civic,2010,3.9,Diesel,Semi-Automatic,150711,2,2,7985
BMW,3 Series,2020,3.5,Diesel,Semi-Automatic,232400,4,1,8952
BMW,X5,2013,4.6,Petrol,Automatic,183843,4,2,10423
Toyota,RAV4,2020,4.4,Diesel,Semi-Automatic,71566,3,4,13068
Chevrolet,Equinox,2011,4.5,Diesel,Semi-Automatic,89049,2,5,10119
Chevrolet,Impala,2007,1.4,Hybrid,Automatic,127134,5,3,7557
BMW,3 Series,2023,4.2,Diesel,Manual,44358,4,2,14312
Audi,A4,2005,1.4,Electric,Semi-Automatic,257620,3,3,3847
Ford,Focus,2001,3.2,Petrol,Manual,42064,6,3,6758
Chevrolet,Malibu,2001,4.3,Electric,Manual,201932,5,5,6661
BMW,X5,2003,4.2,Hybrid,Automatic,122228,5,3,9255
Mercedes,C-Class,2003,3.7,Hybrid,Automatic,91315,5,5,9373
Hyundai,Sonata,2006,4.3,Hybrid,Automatic,254929,2,2,7601
Toyota,Camry,2012,4.4,Diesel,Semi-Automatic,63389,5,2,10832
Mercedes,E-Class,2018,1.7,Electric,Automatic,35106,5,3,13997
Kia,Rio,2017,1.9,Diesel,Semi-Automatic,173224,5,2,7635
Ford,Explorer,2011,2.3,Hybrid,Manual,85449,4,1,8991
BMW,5 Series,2010,2.1,Electric,Manual,56067,3,3,10078
BMW,5 Series,2015,3.1,Diesel,Automatic,182726,3,4,9545
Ford,Fiesta,2003,4.2,Petrol,Manual,287799,2,5,3444
Hyundai,Tucson,2022,1.4,Electric,Semi-Automatic,179768,3,2,10504
BMW,X5,2013,2.9,Diesel,Automatic,216758,5,2,8064
Kia,Rio,2011,1.7,Diesel,Semi-Automatic,64106,3,2,7817
Audi,Q5,2015,2.2,Diesel,Semi-Automatic,269108,4,5,5417
Chevrolet,Malibu,2006,4.0,Hybrid,Manual,265454,3,3,5590
Hyundai,Sonata,2010,1.2,Petrol,Manual,248898,5,3,3322
Toyota,RAV4,2002,3.2,Hybrid,Automatic,281791,5,1,4764
Ford,Focus,2023,4.4,Electric,Manual,195913,5,5,13481
Volkswagen,Tiguan,2020,3.3,Petrol,Manual,172227,3,3,9955
Audi,A4,2022,2.8,Hybrid,Manual,199301,4,1,10513
Hyundai,Tucson,2004,4.5,Electric,Semi-Automatic,101044,4,3,9779
Hyundai,Tucson,2017,3.9,Petrol,Manual,234037,3,1,8419
BMW,3 Series,2023,3.1,Electric,Manual,272813,2,2,10643
Chevrolet,Impala,2012,2.3,Petrol,Manual,1228,3,4,9975
Hyundai,Elantra,2021,3.3,Hybrid,Manual,260057,6,3,9498
Chevrolet,Equinox,2022,4.0,RedBull,Automatic,227708,2,2,12645
Kia,Rio,2020,4.2,Diesel,Manual,289944,3,5,8501
Chevrolet,Equinox,2011,3.3,Hybrid,Semi-Automatic,218104,2,1,7337
BMW,5 Series,2017,2.7,Electric,Automatic,23058,2,3,14938
Mercedes,C-Class,2003,4.4,Hybrid,Manual,88089,3,3,8638
Honda,CR-V,2018,2.8,Hybrid,Manual,39002,5,2,12519
Ford,Explorer,2002,2.8,Electric,Manual,262734,5,3,4245
Volkswagen,Golf,2008,2.0,Petrol,Manual,220044,2,3,4099
Volkswagen,Tiguan,2016,1.8,Electric,Semi-Automatic,171501,4,4,9269
BMW,X5,2009,3.8,Electric,Automatic,103338,3,3,12033
BMW,3 Series,2015,3.7,Hybrid,Semi-Automatic,94816,5,2,11403
Hyundai,Elantra,2008,1.4,Petrol,Manual,272506,3,5,2449
Toyota,RAV4,2013,3.8,RedBull,Automatic,46818,4,1,12363
Audi,A3,2002,4.5,Diesel,Semi-Automatic,8398,4,4,9032
Hyundai,Sonata,2006,1.5,Diesel,Semi-Automatic,166509,3,1,4069
Toyota,Corolla,2008,1.5,Diesel,Manual,29852,4,5,7402
Kia,Optima,2020,4.7,Petrol,Manual,132200,2,1,12156
Honda,CR-V,2023,1.6,Electric,Manual,209883,4,2,10402
Hyundai,Tucson,2015,2.4,Petrol,Automatic,116682,2,3,10166
Toyota,Corolla,2023,4.8,Hybrid,Semi-Automatic,34738,2,3,16105
Hyundai,Elantra,2005,2.5,Hybrid,Automatic,175563,5,1,7088
Volkswagen,Tiguan,2022,3.6,Hybrid,Automatic,169615,4,2,13407
Ford,Explorer,2023,3.7,Diesel,Automatic,237277,4,5,11454
Hyundai,Sonata,2008,3.9,Hybrid,Automatic,289316,3,2,7113
Mercedes,C-Class,2003,2.4,Electric,Automatic,160999,2,5,7680
Audi,A3,2007,3.7,Electric,Automatic,213520,4,3,9129
Hyundai,Elantra,2022,2.7,Electric,Manual,279475,2,3,9810
Toyota,RAV4,2012,2.1,Diesel,Semi-Automatic,112487,3,5,7550
BMW,3 Series,2019,3.2,Electric,Manual,248880,5,5,10022
Audi,A3,2019,3.1,Diesel,Automatic,155039,5,1,11299
Kia,Rio,2022,4.9,Petrol,Manual,6863,2,1,4418
Volkswagen,Tiguan,2002,3.0,Diesel,Semi-Automatic,175153,5,5,4196
Honda,Civic,2017,2.6,Petrol,Semi-Automatic,296890,2,3,5862
Mercedes,C-Class,2000,3.6,Diesel,Automatic,63178,3,4,7936
Ford,Fiesta,2010,3.5,Electric,Automatic,277713,3,2,8545
Ford,Focus,2012,1.1,Electric,Manual,257885,5,5,5642
Toyota,Camry,2013,1.7,Hybrid,Manual,293620,2,2,4827
Kia,Optima,2002,4.4,Electric,Automatic,83927,2,3,10921
Audi,A3,2007,4.2,Diesel,Manual,146124,2,4,7477
Ford,Explorer,2005,3.5,Hybrid,Semi-Automatic,101496,2,5,8070
Ford,Focus,2002,4.7,Diesel,Automatic,121836,4,4,8463
Honda,Accord,2015,4.8,Petrol,Automatic,250739,5,3,9885
Hyundai,Elantra,2008,4.4,Electric,Manual,198986,6,2,8920
Honda,Civic,2003,3.5,Diesel,Semi-Automatic,170089,2,1,5098
BMW,5 Series,2016,1.7,Petrol,Manual,56150,3,1,9477
Chevrolet,Equinox,2017,1.5,Diesel,Automatic,21348,2,3,11773
Hyundai,Tucson,2016,4.4,Electric,Automatic,115042,3,1,14499
Toyota,RAV4,2018,3.2,Electric,Manual,180401,2,5,11091
Kia,Sportage,2016,4.2,Diesel,Manual,99794,3,5,11104
Toyota,RAV4,2014,1.2,Diesel,Automatic,138778,3,3,8224
Mercedes,E-Class,2013,1.7,Hybrid,Automatic,193015,4,3,8339
Volkswagen,Golf,2018,2.1,Electric,Manual,266946,4,3,8261
Volkswagen,Golf,2003,3.7,Hybrid,Manual,78673,4,5,8126
Hyundai,Tucson,2008,2.5,Petrol,Manual,166390,4,1,5672
Chevrolet,Malibu,2015,2.9,Diesel,Automatic,144743,2,3,10105
BMW,3 Series,2001,1.2,Electric,Semi-Automatic,39712,4,3,6805
Toyota,RAV4,2016,2.5,Diesel,Semi-Automatic,89271,4,1,9614
Hyundai,Tucson,2016,2.7,Petrol,Manual,257462,5,2,6450
Audi,A3,2023,1.2,Hybrid,Semi-Automatic,247175,4,1,8256
Toyota,Camry,2008,4.0,Hybrid,Automatic,19895,2,2,12602
Audi,A3,2016,2.2,Petrol,Manual,66533,2,2,9769
Ford,Explorer,2007,2.3,Electric,Automatic,213607,4,3,7727
Mercedes,E-Class,2013,3.4,Diesel,Manual,102437,4,1,9351
Kia,Optima,2016,4.8,Diesel,Semi-Automatic,76022,5,3,12179
Toyota,Camry,2022,4.5,Electric,Semi-Automatic,162696,4,2,13946
Volkswagen,Passat,2005,3.9,Electric,Semi-Automatic,63998,2,1,10220
Chevrolet,Impala,2007,1.4,Diesel,Manual,193425,5,3,3731
Mercedes,E-Class,2013,2.9,Diesel,Manual,116858,4,3,8562
Honda,CR-V,2022,4.6,Hybrid,Manual,65449,3,3,14991
Mercedes,GLA,2018,4.7,Petrol,Semi-Automatic,15328,4,3,13893
Volkswagen,Golf,2003,4.7,Diesel,Semi-Automatic,263733,4,2,4425
BMW,5 Series,2011,3.3,Hybrid,Semi-Automatic,122967,3,3,9240
Audi,A3,2003,3.4,Petrol,Manual,212257,5,3,4154
Honda,Civic,2017,3.7,Diesel,Manual,195388,5,1,8992
Kia,Sportage,2003,3.5,Petrol,Manual,265053,5,2,3198
Kia,Optima,2011,1.4,Electric,Automatic,233074,3,5,7638
Toyota,RAV4,2020,1.6,Electric,Semi-Automatic,179761,2,5,10104
Toyota,RAV4,2021,3.8,Hybrid,Semi-Automatic,252751,5,2,10144
Ford,Focus,2014,3.5,Diesel,Manual,156276,3,1,8674
Ford,Focus,2011,4.2,Petrol,Semi-Automatic,96854,3,1,9662
Hyundai,Tucson,2023,3.4,Diesel,Automatic,169381,2,3,12512
Toyota,Corolla,2010,2.5,Diesel,Semi-Automatic,250313,3,3,4593
Ford,Explorer,2017,3.0,Petrol,Semi-Automatic,78527,2,4,10629
Ford,Explorer,2015,3.6,Diesel,Manual,122830,3,5,9743
Audi,A4,2008,3.6,Hybrid,Manual,228784,4,2,6524
Kia,Sportage,2014,2.6,Hybrid,Manual,98700,3,4,9926
Toyota,RAV4,2008,3.6,Hybrid,Manual,97823,5,4,9143
Ford,Fiesta,2012,2.6,Hybrid,Manual,152869,2,4,8242
Volkswagen,Golf,2003,1.1,Petrol,Automatic,61872,3,2,6362
BMW,X5,2019,1.5,Electric,Semi-Automatic,277287,4,2,7754
Chevrolet,Equinox,2013,2.0,Diesel,Automatic,32415,3,2,10851
Honda,CR-V,2022,3.0,Diesel,Automatic,95078,5,2,13298
Audi,A3,2005,3.8,Diesel,Manual,163598,4,2,6128
BMW,X5,2020,2.4,Electric,Semi-Automatic,133294,2,4,11834
Audi,A4,2003,3.6,Hybrid,Manual,189266,3,5,5814
Ford,Focus,2006,4.0,Diesel,Automatic,25900,5,2,10882
Audi,A3,2006,1.4,Electric,Automatic,103578,2,4,8728
Audi,A3,2022,1.3,Petrol,Semi-Automatic,161773,2,1,8764
Audi,A4,2013,1.5,Diesel,Semi-Automatic,137775,2,2,6744
Honda,Civic,2010,4.0,Hybrid,Manual,57669,3,2,10946
Mercedes,C-Class,2016,1.5,Diesel,Semi-Automatic,78352,3,2,8832
Volkswagen,Passat,2012,3.3,Petrol,Manual,176070,3,5,7478
Hyundai,Sonata,2000,2.5,Diesel,Automatic,52610,2,4,7047
Ford,Fiesta,2000,3.5,Petrol,Manual,182277,5,1,3954
Ford,Focus,2008,4.2,Hybrid,Manual,22996,3,3,11240
Mercedes,E-Class,2010,2.1,Diesel,Automatic,284806,3,3,5003
Audi,Q5,2017,2.0,Hybrid,Manual,88505,2,2,10429
Volkswagen,Golf,2011,1.9,Hybrid,Manual,42520,2,3,9449
Mercedes,E-Class,2016,1.2,Electric,Manual,79084,5,5,10518
Toyota,Camry,2011,3.0,Petrol,Manual,137795,3,2,7644
Hyundai,Tucson,2017,3.4,Electric,Manual,237231,3,5,9855
Hyundai,Tucson,2012,3.3,Petrol,Automatic,100102,5,3,10497
Volkswagen,Passat,2011,3.2,Hybrid,Automatic,97392,4,2,11152
Ford,Fiesta,2017,4.2,Petrol,Semi-Automatic,87629,2,3,11647
Ford,Explorer,2016,4.6,Hybrid,Manual,106240,3,4,12375
Toyota,Corolla,2022,3.0,Diesel,Manual,96622,3,3,11767
Audi,A4,2023,1.6,Hybrid,Manual,284124,2,2,7917
Audi,Q5,2013,3.5,Hybrid,Semi-Automatic,263411,4,1,7231
Honda,Accord,2010,2.3,Petrol,Automatic,74487,4,2,9410
Ford,Focus,2001,3.6,Petrol,Semi-Automatic,186632,5,2,4267
Ford,Explorer,2008,2.6,Petrol,Semi-Automatic,220336,2,5,4693
Ford,Explorer,2022,2.7,Electric,Semi-Automatic,16475,4,4,15070
Hyundai,Elantra,2018,4.7,Hybrid,Semi-Automatic,131134,3,5,12577
Toyota,Corolla,2017,2.1,Diesel,Automatic,20928,2,5,12381
Audi,A4,2019,1.6,Petrol,Semi-Automatic,126184,4,2,8876
Mercedes,GLA,2022,2.9,Electric,Manual,217102,4,2,11257
Volkswagen,Golf,2022,1.0,Electric,Semi-Automatic,92396,4,4,11852
Toyota,RAV4,2021,3.3,Diesel,Automatic,291239,5,2,9375
Audi,A4,2013,2.5,Petrol,Semi-Automatic,87407,5,4,8751
Honda,CR-V,2001,4.0,Hybrid,Automatic,183201,5,5,7235
BMW,5 Series,2001,4.0,Diesel,Manual,265062,5,1,3098
Honda,CR-V,2020,1.1,Hybrid,Manual,109977,3,5,10
BMW,5 Series,2000,1.2,Hybrid,Manual,103614,2,4,4227
Honda,Civic,2004,1.8,Petrol,Automatic,119745,3,2,6205
Toyota,Corolla,2015,4.7,Petrol,Automatic,123316,3,2,12333
Ford,Explorer,2013,1.6,Petrol,Semi-Automatic,10152,4,4,9396
Volkswagen,Passat,2018,3.0,Diesel,Semi-Automatic,77132,5,1,10957
Kia,Optima,2009,2.6,Electric,Semi-Automatic,133903,5,4,8721
Chevrolet,Impala,2004,1.2,Electric,Semi-Automatic,132112,5,1,5857
Honda,Civic,2011,2.6,Diesel,Manual,122235,2,2,7555
Audi,A3,2002,4.1,Petrol,Automatic,69875,5,2,8902
Mercedes,E-Class,2021,4.3,Diesel,Automatic,199460,6,3,12210
Volkswagen,Tiguan,2016,4.5,Petrol,Manual,166642,3,3,10067
Chevrolet,Equinox,2017,3.9,Petrol,Semi-Automatic,53263,4,5,12034
Chevrolet,Impala,2000,1.2,Electric,Automatic,44471,2,3,7910
BMW,3 Series,2011,2.8,Hybrid,Manual,178509,4,4,7629
Hyundai,Elantra,2006,2.8,Electric,Manual,110280,6,3,8494
Kia,Rio,2008,2.5,Diesel,Manual,265803,4,3,3683
Kia,Rio,2013,3.4,Petrol,Automatic,213200,4,3,8636
Toyota,RAV4,2003,1.8,Petrol,Automatic,295758,4,4,2384
Honda,Civic,2011,3.3,Hybrid,Manual,259656,2,3,6506
Audi,A4,2009,2.8,Diesel,Manual,195158,4,2,5696
Toyota,Corolla,2018,3.0,Diesel,Manual,228362,5,2,7932
Audi,Q5,2001,3.7,Hybrid,Semi-Automatic,287848,4,2,3343
Hyundai,Tucson,2012,2.5,Electric,Manual,234833,3,5,7503
Audi,A3,2005,4.0,Hybrid,Manual,106223,4,4,8475
Toyota,Corolla,2010,3.9,Hybrid,Automatic,199971,2,4,9500
Hyundai,Elantra,2004,2.1,Petrol,Semi-Automatic,125290,4,3,4894
Chevrolet,Equinox,2004,3.5,Diesel,Automatic,31788,3,1,9664
Hyundai,Tucson,2015,4.3,Electric,Manual,288628,2,2,9127
Volkswagen,Tiguan,2019,4.0,Hybrid,Semi-Automatic,273967,4,1,9320
Hyundai,Elantra,2005,3.0,Hybrid,Manual,288021,3,1,3839
Chevrolet,Equinox,2020,1.5,Diesel,Manual,285725,5,4,5885
BMW,5 Series,2002,1.3,Electric,Manual,139052,3,2,5218
Volkswagen,Golf,2005,4.1,Hybrid,Manual,268530,5,1,5329
BMW,3 Series,2007,4.9,Hybrid,Manual,40316,2,5,11293
BMW,3 Series,2002,1.5,Electric,Automatic,229644,4,1,5107
Honda,Civic,2003,4.7,Petrol,Automatic,22170,5,5,10756
Audi,A4,2012,4.9,Electric,Manual,21795,5,5,14164
Kia,Sportage,2017,2.7,Electric,Semi-Automatic,254486,5,5,8810
Volkswagen,Golf,2006,4.6,Diesel,Automatic,84861,5,4,10302
Chevrolet,Malibu,2005,1.4,Electric,Automatic,70538,4,3,9089
Toyota,RAV4,2023,4.3,Petrol,Semi-Automatic,140554,4,2,12488
Hyundai,Sonata,2018,4.2,Petrol,Automatic,57590,3,3,14048
Kia,Sportage,2009,4.4,Diesel,Semi-Automatic,278593,5,5,5628
Toyota,Corolla,2020,1.0,Diesel,Manual,191019,3,2,7279
Hyundai,Elantra,2000,2.8,Diesel,Automatic,46165,5,1,7476
Toyota,Corolla,2002,1.8,Diesel,Automatic,277426,3,1,2451
Toyota,Corolla,2010,3.0,Diesel,Semi-Automatic,32347,4,1,9453
Hyundai,Sonata,2012,1.9,Hybrid,Automatic,2929,2,3,12041
Mercedes,C-Class,2013,1.3,Diesel,Automatic,296027,2,5,4879
Chevrolet,Impala,2011,2.8,Electric,Manual,232046,3,2,7559
Mercedes,C-Class,2000,2.7,Electric,Semi-Automatic,68230,2,5,7435
Kia,Sportage,2020,4.1,Electric,Semi-Automatic,97389,2,1,14252
Hyundai,Sonata,2006,4.9,Electric,Semi-Automatic,76978,4,3,11260
Honda,Accord,2021,4.9,Hybrid,Automatic,210409,2,5,13591
Audi,Q5,2013,1.9,Hybrid,Manual,167095,2,1,7558
Mercedes,E-Class,2018,4.8,Hybrid,Semi-Automatic,123902,4,3,12821
Toyota,RAV4,2013,2.2,Hybrid,Manual,201614,5,3,7167
Audi,Q5,2012,4.8,Diesel,Manual,162020,2,4,9259
Ford,Fiesta,2001,1.9,Electric,Automatic,88822,3,5,8023
Volkswagen,Golf,2004,2.0,Electric,Automatic,207488,3,5,6650
Kia,Rio,2020,4.9,Petrol,Semi-Automatic,221594,5,5,10568
Honda,Accord,2010,2.5,Hybrid,Semi-Automatic,135477,5,2,7890
Volkswagen,Golf,2020,2.0,Hybrid,Semi-Automatic,166859,4,1,9762
Mercedes,C-Class,2010,2.7,Electric,Manual,243424,3,5,6931
Toyota,Camry,2004,3.8,Hybrid,Manual,294151,5,2,4216
Volkswagen,Golf,2002,2.9,Diesel,Manual,286072,4,4,2000
Chevrolet,Malibu,2014,2.2,Electric,Automatic,47950,3,1,13041
Kia,Sportage,2010,1.3,Diesel,Automatic,92151,3,5,8056
Kia,Sportage,2007,3.1,Electric,Semi-Automatic,1798,2,2,11264
Hyundai,Sonata,2017,1.9,Hybrid,Automatic,67747,2,2,12245
Honda,Civic,2019,1.3,Hybrid,Semi-Automatic,110457,5,1,9890
Audi,Q5,2003,3.7,Diesel,Automatic,44024,4,4,9319
Toyota,RAV4,2001,3.5,Petrol,Manual,55829,5,5,6783
Hyundai,Tucson,2018,1.3,Diesel,Automatic,38487,5,1,11530
Ford,Focus,2023,2.2,Petrol,Automatic,229282,4,4,10114
Chevrolet,Malibu,2023,4.3,Diesel,Manual,48721,2,5,14325
Toyota,Camry,2022,2.3,Hybrid,Manual,272342,2,2,8553
Hyundai,Sonata,2013,1.8,Hybrid,Semi-Automatic,168366,2,3,7432
Ford,Explorer,2010,5.0,Electric,Semi-Automatic,274510,5,2,8609
Honda,Civic,2017,2.1,Diesel,Automatic,266217,3,5,7475
Ford,Focus,2014,3.2,Hybrid,Semi-Automatic,60721,5,1,11285
Ford,Explorer,2006,2.8,Hybrid,Manual,99921,4,2,7701
Ford,Fiesta,2009,4.4,Diesel,Semi-Automatic,39084,3,5,10418
Volkswagen,Golf,2006,1.4,Electric,Semi-Automatic,244511,3,5,4409
Honda,Civic,2012,3.0,Hybrid,Manual,262444,3,5,6451
Kia,Rio,2006,2.8,Electric,Manual,134987,5,5,8000
Mercedes,C-Class,2017,1.7,Electric,Manual,241688,5,3,8066
Ford,Explorer,2011,1.4,Hybrid,Semi-Automatic,161912,4,4,6561
Hyundai,Tucson,2005,4.1,Diesel,Semi-Automatic,99815,3,3,7703
Ford,Focus,2014,2.5,RedBull,Automatic,293743,3,3,6425
Kia,Optima,2014,4.8,Hybrid,Semi-Automatic,150222,3,5,11095
Mercedes,GLA,2023,1.6,Hybrid,Semi-Automatic,198863,4,3,9622
Honda,Civic,2010,1.2,Petrol,Semi-Automatic,168167,4,4,4936
BMW,5 Series,2013,4.9,Petrol,Automatic,127507,3,5,11849
Audi,Q5,2014,3.4,Diesel,Semi-Automatic,180091,2,3,8098
Kia,Rio,2001,3.6,RedBull,Automatic,183666,4,5,5826
BMW,5 Series,2010,1.9,Electric,Manual,155611,5,4,7887
Volkswagen,Golf,2013,2.4,Electric,Semi-Automatic,183425,4,5,8731
Volkswagen,Golf,2008,3.6,Hybrid,Automatic,138770,2,5,9824
Ford,Focus,2016,4.1,Petrol,Automatic,159652,5,3,11306
Ford,Fiesta,2019,3.6,Electric,Manual,75115,5,3,13897
Honda,Accord,2019,4.7,Hybrid,Semi-Automatic,155874,4,3,12382
Volkswagen,Tiguan,2015,4.5,Hybrid,Automatic,51637,3,5,14567
Ford,Fiesta,2007,1.7,Electric,Manual,43287,4,2,9034
Audi,A4,2010,4.6,Hybrid,Semi-Automatic,188992,4,1,8920
Mercedes,E-Class,2012,2.7,Hybrid,Semi-Automatic,184680,3,3,7706
Audi,A3,2012,1.7,Electric,Semi-Automatic,124324,3,5,8913
Chevrolet,Impala,2019,2.9,Hybrid,Manual,63419,3,5,12431
Toyota,Corolla,2021,1.4,Electric,Automatic,92636,4,4,13447
Toyota,Camry,2004,4.2,Petrol,Automatic,28401,3,2,10431
Chevrolet,Impala,2000,1.7,Hybrid,Automatic,269757,3,4,2904
BMW,5 Series,2006,2.4,Petrol,Semi-Automatic,22158,2,2,7856
Mercedes,GLA,2007,1.6,Hybrid,Manual,60036,3,4,7599
Chevrolet,Impala,2005,3.2,Petrol,Manual,137054,2,1,6058
Kia,Optima,2013,2.3,Diesel,Automatic,120919,5,2,9381
BMW,X5,2013,4.7,Petrol,Automatic,198120,5,1,10237
Kia,Optima,2012,4.8,Diesel,Manual,293687,5,2,6626
Audi,A3,2012,1.8,Hybrid,Automatic,287148,4,5,6257
Volkswagen,Tiguan,2001,3.0,RedBull,Automatic,267839,4,3,3543
Hyundai,Tucson,2002,3.1,Electric,Automatic,62377,2,5,10052
Audi,A3,2002,1.0,Diesel,Semi-Automatic,229693,3,1,2000
Chevrolet,Impala,2001,1.0,Hybrid,Semi-Automatic,99627,5,3,4407
Toyota,RAV4,2003,1.3,Electric,Semi-Automatic,106652,5,2,6166
Honda,CR-V,2023,2.4,Petrol,Manual,124701,4,3,10905
Kia,Sportage,2005,2.7,Diesel,Automatic,205507,2,3,5689
Toyota,Camry,2005,1.7,Diesel,Semi-Automatic,289249,2,2,2000
Volkswagen,Passat,2004,3.5,Diesel,Automatic,163544,4,1,7029
Honda,Civic,2006,1.4,Petrol,Manual,142293,4,3,4454
Mercedes,C-Class,2011,1.7,Hybrid,Semi-Automatic,192210,2,3,6255
Ford,Explorer,2001,2.9,Hybrid,Automatic,198686,4,5,5826
BMW,3 Series,2005,4.2,Hybrid,Automatic,17264,5,3,11954
Mercedes,C-Class,2007,4.9,Electric,Manual,288403,2,1,7331
Hyundai,Elantra,2000,1.3,Hybrid,Semi-Automatic,14927,3,3,6101
Toyota,Corolla,2019,4.6,Electric,Manual,275523,2,1,10889
Mercedes,C-Class,2021,3.7,Hybrid,Semi-Automatic,19065,4,5,4418
Toyota,RAV4,2000,3.6,Hybrid,Manual,101716,2,5,6665
Kia,Optima,2015,1.1,Petrol,Semi-Automatic,109317,5,4,7513
Ford,Fiesta,2018,4.8,Electric,Automatic,173693,3,2,14326
Kia,Rio,2003,1.0,Petrol,Semi-Automatic,221435,2,3,2000
Ford,Fiesta,2002,1.7,Petrol,Automatic,210171,5,2,3696
BMW,3 Series,2009,1.4,Electric,Automatic,248906,2,3,6721
Hyundai,Tucson,2019,4.4,Hybrid,Manual,208525,3,4,11029
Mercedes,GLA,2019,1.5,Petrol,Manual,63515,3,5,10029
Ford,Focus,2013,2.0,Diesel,Automatic,145970,2,2,8580
Toyota,Camry,2005,3.8,Diesel,Semi-Automatic,262618,3,1,4147
Hyundai,Elantra,2020,1.3,Hybrid,Automatic,100889,3,2,11882
Chevrolet,Equinox,2016,3.2,Hybrid,Manual,69485,4,4,11710
Ford,Focus,2023,4.5,Petrol,Automatic,121263,2,2,14574
Toyota,RAV4,2023,2.8,Diesel,Automatic,54576,3,2,14208
Mercedes,GLA,2018,3.5,Electric,Semi-Automatic,277797,3,5,9444
Chevrolet,Malibu,2020,2.5,Hybrid,Manual,161235,4,3,10375
Volkswagen,Golf,2019,3.4,Hybrid,Manual,17084,3,4,13858
Honda,Accord,2013,4.3,Hybrid,Automatic,298576,2,3,8828
BMW,3 Series,2012,3.3,Electric,Semi-Automatic,132770,4,3,10344
Kia,Sportage,2001,3.3,Electric,Semi-Automatic,258462,4,4,4530
Honda,Civic,2019,4.2,Petrol,Manual,273193,2,4,8536
Audi,A3,2014,2.1,Electric,Semi-Automatic,215637,5,2,8087
Kia,Sportage,2006,3.5,Hybrid,Manual,80378,3,2,8792
BMW,5 Series,2013,3.6,Petrol,Semi-Automatic,242141,5,5,6757
BMW,X5,2004,3.7,Diesel,Semi-Automatic,110947,3,2,6781
Volkswagen,Golf,2006,2.7,Hybrid,Automatic,9512,2,1,10909
Chevrolet,Equinox,2007,3.0,Electric,Automatic,286425,3,5,6971
BMW,3 Series,2023,2.8,Petrol,Manual,50489,5,4,12790
BMW,3 Series,2004,3.3,Hybrid,Automatic,202088,2,4,7058
Volkswagen,Tiguan,2000,1.1,Hybrid,Semi-Automatic,184353,5,2,2512
Audi,Q5,2002,2.1,Electric,Manual,68076,4,1,7438
Kia,Optima,2022,4.8,Hybrid,Manual,223997,5,2,12020
Chevrolet,Equinox,2019,2.3,Petrol,Semi-Automatic,144369,4,3,9212
Mercedes,E-Class,2011,4.6,Petrol,Manual,143907,2,2,9121
BMW,5 Series,2009,4.0,Electric,Automatic,84645,2,2,12607
Toyota,RAV4,2019,2.0,Petrol,Automatic,232074,3,5,8658
Ford,Explorer,2012,1.7,Electric,Semi-Automatic,149550,2,3,8409
Hyundai,Tucson,2001,4.9,Diesel,Automatic,168068,5,3,7438
Hyundai,Elantra,2015,1.8,Diesel,Automatic,36064,4,3,11178
Mercedes,E-Class,2004,4.9,Petrol,Semi-Automatic,175273,3,5,6694
Honda,Civic,2017,3.6,Electric,Manual,214703,4,2,10505
Chevrolet,Equinox,2023,4.0,Petrol,Semi-Automatic,147070,4,2,12058
Ford,Fiesta,2013,2.9,Diesel,Semi-Automatic,150643,4,4,7887
Audi,Q5,2018,2.0,Petrol,Automatic,223153,2,5,8536
Honda,Civic,2006,4.0,Petrol,Semi-Automatic,268070,4,4,4538
Audi,A4,2004,2.8,Hybrid,Manual,77212,3,5,7555
Volkswagen,Golf,2023,3.0,Diesel,Automatic,57429,3,5,14351
BMW,3 Series,2006,3.7,Petrol,Manual,41070,3,2,8778
Toyota,Camry,2019,4.7,Hybrid,Semi-Automatic,147790,4,5,12544
Mercedes,C-Class,2010,1.3,Electric,Manual,222606,4,2,5947
Kia,Optima,2009,3.3,Hybrid,Automatic,33225,4,4,11935
Hyundai,Elantra,2008,3.1,Electric,Automatic,31509,3,2,12469
Audi,A3,2018,4.1,Hybrid,Semi-Automatic,174581,2,2,11108
Toyota,Camry,2002,2.6,Petrol,Automatic,118041,3,4,6439
Toyota,Corolla,2001,2.8,Petrol,Semi-Automatic,84686,5,2,5506
Toyota,RAV4,2008,4.9,Electric,Semi-Automatic,299872,5,5,7402
BMW,X5,2011,1.4,Petrol,Manual,252879,5,4,3742
Hyundai,Tucson,2017,4.0,Petrol,Semi-Automatic,296186,4,2,7276
Volkswagen,Golf,2002,3.1,Hybrid,Semi-Automatic,80423,3,3,7191
Audi,A4,2022,4.0,Petrol,Semi-Automatic,109649,5,5,12507
Kia,Sportage,2015,4.9,Electric,Semi-Automatic,165779,2,4,12184
Ford,Fiesta,2007,3.8,Electric,Automatic,130878,5,4,10882
Kia,Optima,2019,2.5,Electric,Manual,124314,4,2,11813
Honda,CR-V,2022,4.7,Diesel,Semi-Automatic,170236,2,4,11995
Mercedes,C-Class,2011,3.5,Diesel,Manual,133153,4,4,8236
Kia,Optima,2003,1.2,Petrol,Manual,79956,3,1,4600
Audi,Q5,2019,1.8,Hybrid,Manual,42745,4,5,11745
Volkswagen,Passat,2023,2.3,Diesel,Automatic,161315,3,2,11573
BMW,5 Series,2007,4.3,Hybrid,Automatic,255700,2,1,7886
Kia,Rio,2005,4.5,Electric,Automatic,35436,2,3,12891
Hyundai,Elantra,2014,3.7,Petrol,Semi-Automatic,203553,3,5,7928
Mercedes,GLA,2019,4.8,Hybrid,Automatic,248488,2,1,12130
Hyundai,Tucson,2005,2.7,Diesel,Automatic,40890,3,4,8982
BMW,3 Series,2005,4.8,Hybrid,Semi-Automatic,232537,5,1,6749
Mercedes,E-Class,2021,4.8,Diesel,Semi-Automatic,31848,2,1,14563
Kia,Optima,2009,1.8,Petrol,Manual,196236,4,4,4675
Mercedes,E-Class,2016,2.4,Petrol,Semi-Automatic,59501,3,1,10109
Ford,Explorer,2012,1.7,Diesel,Automatic,85535,4,5,9189
Volkswagen,Tiguan,2005,4.7,Petrol,Manual,150442,3,5,7291
Chevrolet,Equinox,2015,1.7,RedBull,Automatic,55038,4,2,12699
Toyota,Corolla,2014,1.4,Electric,Semi-Automatic,173573,4,4,8228
Volkswagen,Tiguan,2014,3.8,Hybrid,Manual,166180,5,2,9776
Honda,Civic,2016,3.0,Petrol,Automatic,16505,4,2,13069
Honda,Accord,2005,2.8,Electric,Manual,228351,2,2,5832
Chevrolet,Equinox,2013,3.6,Diesel,Semi-Automatic,45594,2,2,10688
Ford,Focus,2020,2.8,Electric,Automatic,94715,2,1,14505
Hyundai,Elantra,2004,3.4,Diesel,Manual,299626,3,3,2707
Hyundai,Tucson,2011,1.3,Diesel,Automatic,278115,4,2,4637
Audi,A3,2018,2.5,Diesel,Semi-Automatic,56429,2,1,10871
Audi,Q5,2018,1.3,Hybrid,Automatic,299270,4,5,7314
Hyundai,Tucson,2006,3.0,Hybrid,Manual,146248,4,2,6975
Mercedes,E-Class,2008,4.0,Diesel,Automatic,271248,4,2,6575
Hyundai,Tucson,2000,2.3,Hybrid,Automatic,247467,3,5,3950
Toyota,Corolla,2010,2.2,Petrol,Manual,299385,3,1,3312
Chevrolet,Malibu,2010,2.5,Electric,Semi-Automatic,91875,2,3,9762
Chevrolet,Impala,2019,4.4,Diesel,Semi-Automatic,233465,2,1,9530
Toyota,Camry,2004,2.9,Diesel,Automatic,155101,3,5,6597
Ford,Explorer,2002,1.6,Diesel,Manual,12478,5,5,6050
Mercedes,C-Class,2023,4.2,Petrol,Manual,18248,2,5,14835
Chevrolet,Impala,2019,3.0,Hybrid,Manual,34648,2,5,13107
Toyota,Corolla,2006,3.8,Electric,Manual,269067,5,4,6318
Ford,Focus,2023,3.7,Electric,Manual,27676,2,3,16146
Kia,Sportage,2020,4.4,Diesel,Semi-Automatic,60072,3,2,13298
Mercedes,GLA,2012,3.1,Diesel,Manual,170691,5,3,7386
Kia,Sportage,2019,3.6,Diesel,Semi-Automatic,285924,2,5,7681
Toyota,Corolla,2010,3.8,Electric,Semi-Automatic,84379,4,4,11212
Kia,Rio,2005,1.6,Petrol,Manual,171257,5,1,3774
Honda,Accord,2021,4.0,Electric,Manual,294376,4,3,10512
Volkswagen,Golf,2000,4.4,Petrol,Semi-Automatic,229250,3,5,3915
Volkswagen,Golf,2009,2.2,Electric,Semi-Automatic,161642,3,1,7767
Mercedes,GLA,2013,2.8,Diesel,Automatic,193602,4,3,8427
Chevrolet,Impala,2011,1.1,Petrol,Automatic,184647,2,1,6307
Hyundai,Elantra,2017,4.2,Diesel,Automatic,269154,3,2,9516
Chevrolet,Malibu,2016,1.7,Petrol,Manual,249622,2,1,5607
Ford,Fiesta,2005,4.9,Petrol,Automatic,296548,5,5,6069
Chevrolet,Equinox,2017,4.1,Electric,Manual,298555,3,1,9328
BMW,5 Series,2018,2.2,Petrol,Automatic,10609,3,1,12987
Audi,A3,2002,1.8,Electric,Manual,34292,5,4,7814
Audi,A4,2002,2.4,Hybrid,Semi-Automatic,749,3,5,8085
Chevrolet,Impala,2019,4.0,Hybrid,Semi-Automatic,124977,3,3,12300
Mercedes,GLA,2008,3.7,Diesel,Semi-Automatic,59372,2,1,9012
BMW,5 Series,2006,1.8,Diesel,Semi-Automatic,261314,3,1,2473
Honda,Accord,2000,1.2,Electric,Manual,7576,2,4,7148
Volkswagen,Golf,2021,3.4,Electric,Automatic,201580,5,2,13268
Toyota,Corolla,2010,2.7,Electric,Automatic,118227,4,2,10935
Toyota,RAV4,2008,2.8,Hybrid,Semi-Automatic,88,6,5,10298
Chevrolet,Malibu,2011,3.0,Petrol,Manual,7493,4,5,10250
Toyota,Corolla,2003,1.6,Diesel,Semi-Automatic,205647,4,4,2487
Toyota,Camry,2017,5.0,Electric,Manual,150119,4,1,13197
Audi,Q5,2011,1.1,Diesel,Manual,161312,2,5,5273
Toyota,RAV4,2003,3.6,Hybrid,Semi-Automatic,207321,5,2,5453
Mercedes,E-Class,2008,2.3,Petrol,Semi-Automatic,150136,2,1,5797
Mercedes,E-Class,2018,4.3,Hybrid,Automatic,238692,4,5,11526
Honda,Civic,2010,3.7,Diesel,Manual,276565,3,1,5268
Volkswagen,Golf,2001,2.7,Petrol,Automatic,155536,5,3,5489
Volkswagen,Tiguan,2008,3.7,Diesel,Automatic,47315,2,2,10753
Toyota,RAV4,2012,2.8,Electric,Semi-Automatic,297859,4,3,6542
